BioProject,SRR_ID,title,library_strategy,library_name,fastq_ftp,SRX_ID,"Notes (searched using ""Chlamydomonas"" ""metal"" ""toxicity"" ""SRA"")",paper downloaded?,description,run_accession,fastq_bytes,DOI,library_source,fastq_md5,library_selection,SRA_ID,Gene Expression Omnibus
PRJNA335844,SRR3987296,GSM2255675: ElodeaValcea1; Elodea nuttallii; RNA-Seq,RNA-Seq,,ftp.sra.ebi.ac.uk/vol1/fastq/SRR398/006/SRR3987296/SRR3987296.fastq.gz,SRX1989544,"Valcea is control, Babeni is experiment",True,Transcriptomic approach for assessment of the impact on microalga and macrophyte of in-situ exposure in river sites contaminated by chlor-alkali plant effluents: in situ environmental toxicity of Hg,SRR3987296,1043097534,10.1016/j.watres.2017.05.020,TRANSCRIPTOMIC,aa104a4af8bb00c967acf5d1fe0dfe07,cDNA,2861972,GSE84995
PRJNA335844,SRR3987297,GSM2255676: ElodeaValcea2; Elodea nuttallii; RNA-Seq,RNA-Seq,,ftp.sra.ebi.ac.uk/vol1/fastq/SRR398/007/SRR3987297/SRR3987297.fastq.gz,SRX1989545,"Valcea is control, Babeni is experiment",True,Transcriptomic approach for assessment of the impact on microalga and macrophyte of in-situ exposure in river sites contaminated by chlor-alkali plant effluents: in situ environmental toxicity of Hg,SRR3987297,1710448100,10.1016/j.watres.2017.05.020,TRANSCRIPTOMIC,1fbd3bd9fe3a30a92b6ef857bbc4e37c,cDNA,2861973,GSE84995
PRJNA335844,SRR3987298,GSM2255677: ElodeaValcea3; Elodea nuttallii; RNA-Seq,RNA-Seq,,ftp.sra.ebi.ac.uk/vol1/fastq/SRR398/008/SRR3987298/SRR3987298.fastq.gz,SRX1989546,"Valcea is control, Babeni is experiment",True,Transcriptomic approach for assessment of the impact on microalga and macrophyte of in-situ exposure in river sites contaminated by chlor-alkali plant effluents: in situ environmental toxicity of Hg,SRR3987298,1698351361,10.1016/j.watres.2017.05.020,TRANSCRIPTOMIC,4bb61f5f2b827d73d4a674c0ba0ad9ef,cDNA,2861974,GSE84995
PRJNA335844,SRR3987299,GSM2255678: ElodeaBabeni1-1; Elodea nuttallii; RNA-Seq,RNA-Seq,,ftp.sra.ebi.ac.uk/vol1/fastq/SRR398/009/SRR3987299/SRR3987299.fastq.gz,SRX1989547,"Valcea is control, Babeni is experiment",True,Transcriptomic approach for assessment of the impact on microalga and macrophyte of in-situ exposure in river sites contaminated by chlor-alkali plant effluents: in situ environmental toxicity of Hg,SRR3987299,1663698682,10.1016/j.watres.2017.05.020,TRANSCRIPTOMIC,e87ab7a7e89a3dc93685c2f1d02572cf,cDNA,2861975,GSE84995
PRJNA335844,SRR3987300,GSM2255679: ElodeaBabeni1-2; Elodea nuttallii; RNA-Seq,RNA-Seq,,ftp.sra.ebi.ac.uk/vol1/fastq/SRR398/000/SRR3987300/SRR3987300.fastq.gz,SRX1989548,"Valcea is control, Babeni is experiment",True,Transcriptomic approach for assessment of the impact on microalga and macrophyte of in-situ exposure in river sites contaminated by chlor-alkali plant effluents: in situ environmental toxicity of Hg,SRR3987300,1629312907,10.1016/j.watres.2017.05.020,TRANSCRIPTOMIC,c3a49bed605c453f631b44c1c95ba1e1,cDNA,2861976,GSE84995
PRJNA335844,SRR3987301,GSM2255680: ElodeaBabeni1-3; Elodea nuttallii; RNA-Seq,RNA-Seq,,ftp.sra.ebi.ac.uk/vol1/fastq/SRR398/001/SRR3987301/SRR3987301.fastq.gz,SRX1989549,"Valcea is control, Babeni is experiment",True,Transcriptomic approach for assessment of the impact on microalga and macrophyte of in-situ exposure in river sites contaminated by chlor-alkali plant effluents: in situ environmental toxicity of Hg,SRR3987301,1532560223,10.1016/j.watres.2017.05.020,TRANSCRIPTOMIC,e24fa22b7f283475ee8904bfc36b0db9,cDNA,2861977,GSE84995
PRJNA335844,SRR3987302,GSM2255681: ElodeaBabeni2-1; Elodea nuttallii; RNA-Seq,RNA-Seq,,ftp.sra.ebi.ac.uk/vol1/fastq/SRR398/002/SRR3987302/SRR3987302.fastq.gz,SRX1989550,"Valcea is control, Babeni is experiment",True,Transcriptomic approach for assessment of the impact on microalga and macrophyte of in-situ exposure in river sites contaminated by chlor-alkali plant effluents: in situ environmental toxicity of Hg,SRR3987302,2731742866,10.1016/j.watres.2017.05.020,TRANSCRIPTOMIC,aef061d86866c0f368307075808de9f6,cDNA,2861978,GSE84995
PRJNA335844,SRR3987303,GSM2255682: ElodeaBabeni2-2; Elodea nuttallii; RNA-Seq,RNA-Seq,,ftp.sra.ebi.ac.uk/vol1/fastq/SRR398/003/SRR3987303/SRR3987303.fastq.gz,SRX1989551,"Valcea is control, Babeni is experiment",True,Transcriptomic approach for assessment of the impact on microalga and macrophyte of in-situ exposure in river sites contaminated by chlor-alkali plant effluents: in situ environmental toxicity of Hg,SRR3987303,2458107948,10.1016/j.watres.2017.05.020,TRANSCRIPTOMIC,c6a8c49ea0a2b08b7ba363301d00b200,cDNA,2861979,GSE84995
PRJNA335844,SRR3987304,GSM2255683: ElodeaBabeni2-3; Elodea nuttallii; RNA-Seq,RNA-Seq,,ftp.sra.ebi.ac.uk/vol1/fastq/SRR398/004/SRR3987304/SRR3987304.fastq.gz,SRX1989552,"Valcea is control, Babeni is experiment",True,Transcriptomic approach for assessment of the impact on microalga and macrophyte of in-situ exposure in river sites contaminated by chlor-alkali plant effluents: in situ environmental toxicity of Hg,SRR3987304,2410579091,10.1016/j.watres.2017.05.020,TRANSCRIPTOMIC,4ddb33790b9f2ea764c5146fb430f42a,cDNA,2861980,GSE84995
PRJNA335844,SRR3987305,GSM2255684: ChlamyValcea1; Chlamydomonas reinhardtii; RNA-Seq,RNA-Seq,,ftp.sra.ebi.ac.uk/vol1/fastq/SRR398/005/SRR3987305/SRR3987305.fastq.gz,SRX1989553,"Valcea is control, Babeni is experiment",True,Transcriptomic approach for assessment of the impact on microalga and macrophyte of in-situ exposure in river sites contaminated by chlor-alkali plant effluents: in situ environmental toxicity of Hg,SRR3987305,1232411326,10.1016/j.watres.2017.05.020,TRANSCRIPTOMIC,396735d70dd939fc21ab242429c17d94,cDNA,2861981,GSE84995
PRJNA335844,SRR3987306,GSM2255685: ChlamyValcea2; Chlamydomonas reinhardtii; RNA-Seq,RNA-Seq,,ftp.sra.ebi.ac.uk/vol1/fastq/SRR398/006/SRR3987306/SRR3987306.fastq.gz,SRX1989554,"Valcea is control, Babeni is experiment",True,Transcriptomic approach for assessment of the impact on microalga and macrophyte of in-situ exposure in river sites contaminated by chlor-alkali plant effluents: in situ environmental toxicity of Hg,SRR3987306,1079518156,10.1016/j.watres.2017.05.020,TRANSCRIPTOMIC,bac2d834b4a7a4bcdfa315758eeaf9f6,cDNA,2861982,GSE84995
PRJNA335844,SRR3987307,GSM2255686: ChlamyValcea3; Chlamydomonas reinhardtii; RNA-Seq,RNA-Seq,,ftp.sra.ebi.ac.uk/vol1/fastq/SRR398/007/SRR3987307/SRR3987307.fastq.gz,SRX1989555,"Valcea is control, Babeni is experiment",True,Transcriptomic approach for assessment of the impact on microalga and macrophyte of in-situ exposure in river sites contaminated by chlor-alkali plant effluents: in situ environmental toxicity of Hg,SRR3987307,1187869214,10.1016/j.watres.2017.05.020,TRANSCRIPTOMIC,6da7010b48279cf401b4eb66b8601885,cDNA,2861983,GSE84995
PRJNA335844,SRR3987308,GSM2255687: ChlamyBabeni1-1; Chlamydomonas reinhardtii; RNA-Seq,RNA-Seq,,ftp.sra.ebi.ac.uk/vol1/fastq/SRR398/008/SRR3987308/SRR3987308.fastq.gz,SRX1989556,"Valcea is control, Babeni is experiment",True,Transcriptomic approach for assessment of the impact on microalga and macrophyte of in-situ exposure in river sites contaminated by chlor-alkali plant effluents: in situ environmental toxicity of Hg,SRR3987308,1235375982,10.1016/j.watres.2017.05.020,TRANSCRIPTOMIC,e184d792eb3abfb23fa809179b5b5fc5,cDNA,2861984,GSE84995
PRJNA335844,SRR3987309,GSM2255688: ChlamyBabeni1-2; Chlamydomonas reinhardtii; RNA-Seq,RNA-Seq,,ftp.sra.ebi.ac.uk/vol1/fastq/SRR398/009/SRR3987309/SRR3987309.fastq.gz,SRX1989557,"Valcea is control, Babeni is experiment",True,Transcriptomic approach for assessment of the impact on microalga and macrophyte of in-situ exposure in river sites contaminated by chlor-alkali plant effluents: in situ environmental toxicity of Hg,SRR3987309,1117623904,10.1016/j.watres.2017.05.020,TRANSCRIPTOMIC,c47a8f6af1fa5ce5450bff271c5a1f0c,cDNA,2861985,GSE84995
PRJNA335844,SRR3987310,GSM2255689: ChlamyBabeni1-3; Chlamydomonas reinhardtii; RNA-Seq,RNA-Seq,,ftp.sra.ebi.ac.uk/vol1/fastq/SRR398/000/SRR3987310/SRR3987310.fastq.gz,SRX1989558,"Valcea is control, Babeni is experiment",True,Transcriptomic approach for assessment of the impact on microalga and macrophyte of in-situ exposure in river sites contaminated by chlor-alkali plant effluents: in situ environmental toxicity of Hg,SRR3987310,1093874904,10.1016/j.watres.2017.05.020,TRANSCRIPTOMIC,11442b1536dc6f582ae7970f85c3097f,cDNA,2861986,GSE84995
PRJNA335844,SRR3987311,GSM2255690: ChlamyBabeni2-1; Chlamydomonas reinhardtii; RNA-Seq,RNA-Seq,,ftp.sra.ebi.ac.uk/vol1/fastq/SRR398/001/SRR3987311/SRR3987311.fastq.gz,SRX1989559,"Valcea is control, Babeni is experiment",True,Transcriptomic approach for assessment of the impact on microalga and macrophyte of in-situ exposure in river sites contaminated by chlor-alkali plant effluents: in situ environmental toxicity of Hg,SRR3987311,1093884457,10.1016/j.watres.2017.05.020,TRANSCRIPTOMIC,5ef38753123e318f554e034368977b85,cDNA,2861987,GSE84995
PRJNA335844,SRR3987312,GSM2255691: ChlamyBabeni2-2; Chlamydomonas reinhardtii; RNA-Seq,RNA-Seq,,ftp.sra.ebi.ac.uk/vol1/fastq/SRR398/002/SRR3987312/SRR3987312.fastq.gz,SRX1989560,"Valcea is control, Babeni is experiment",True,Transcriptomic approach for assessment of the impact on microalga and macrophyte of in-situ exposure in river sites contaminated by chlor-alkali plant effluents: in situ environmental toxicity of Hg,SRR3987312,1081963321,10.1016/j.watres.2017.05.020,TRANSCRIPTOMIC,6753ec09dc4163dac61578da1653d9fa,cDNA,2861988,GSE84995
PRJNA335844,SRR3987313,GSM2255692: ChlamyBabeni2-3; Chlamydomonas reinhardtii; RNA-Seq,RNA-Seq,,ftp.sra.ebi.ac.uk/vol1/fastq/SRR398/003/SRR3987313/SRR3987313.fastq.gz,SRX1989561,"Valcea is control, Babeni is experiment",True,Transcriptomic approach for assessment of the impact on microalga and macrophyte of in-situ exposure in river sites contaminated by chlor-alkali plant effluents: in situ environmental toxicity of Hg,SRR3987313,1013228231,10.1016/j.watres.2017.05.020,TRANSCRIPTOMIC,75828e3893b86177ec21ea8b46a7dcb3,cDNA,2861989,GSE84995
PRJNA394256,SRR5988243,C reinhardtii 3h after Cd exposure,RNA-Seq,Crei3,ftp.sra.ebi.ac.uk/vol1/fastq/SRR598/003/SRR5988243/SRR5988243.fastq.gz,SRX3144023,"strain is the same, methodology is the same, submission institution is the same",True,Comparison of genetic differences and transcriptomic response to cadmium between Chlamydomonas acidophila and Chlamydomonas reinhardtii,SRR5988243,1381963573,10.1016/j.aquatox.2018.04.020,TRANSCRIPTOMIC,fc19234c1cc8fb6c93db491dff8375cc,RANDOM,4440013,
PRJNA394256,SRR5988244,C reinhardtii right before Cd exposure,RNA-Seq,Crei0,ftp.sra.ebi.ac.uk/vol1/fastq/SRR598/004/SRR5988244/SRR5988244.fastq.gz,SRX3144022,"strain is the same, methodology is the same, submission institution is the same",True,Comparison of genetic differences and transcriptomic response to cadmium between Chlamydomonas acidophila and Chlamydomonas reinhardtii,SRR5988244,1381986321,10.1016/j.aquatox.2018.04.020,TRANSCRIPTOMIC,e1491c2149ab3c6012b4422ce796cfd7,RANDOM,4440012,
PRJNA394256,SRR5988245,C acidophila right before Cd exposure,RNA-Seq,Caci0,ftp.sra.ebi.ac.uk/vol1/fastq/SRR598/005/SRR5988245/SRR5988245.fastq.gz,SRX3144021,"strain is the same, methodology is the same, submission institution is the same",True,Comparison of genetic differences and transcriptomic response to cadmium between Chlamydomonas acidophila and Chlamydomonas reinhardtii,SRR5988245,1492300669,10.1016/j.aquatox.2018.04.020,TRANSCRIPTOMIC,bd192028278c9353b75093512837df97,RANDOM,4440011,
PRJNA394256,SRR5988246,C reinhardtii 6h after Cd exposure,RNA-Seq,Crei6,ftp.sra.ebi.ac.uk/vol1/fastq/SRR598/006/SRR5988246/SRR5988246.fastq.gz,SRX3144020,"strain is the same, methodology is the same, submission institution is the same",True,Comparison of genetic differences and transcriptomic response to cadmium between Chlamydomonas acidophila and Chlamydomonas reinhardtii,SRR5988246,1312209919,10.1016/j.aquatox.2018.04.020,TRANSCRIPTOMIC,2baa67a4b99f1fdf578b0ee1967917de,RANDOM,4440010,
PRJNA394256,SRR5988247,C acidophila 6h after Cd exposure,RNA-Seq,Caci6,ftp.sra.ebi.ac.uk/vol1/fastq/SRR598/007/SRR5988247/SRR5988247.fastq.gz,SRX3144019,"strain is the same, methodology is the same, submission institution is the same",True,Comparison of genetic differences and transcriptomic response to cadmium between Chlamydomonas acidophila and Chlamydomonas reinhardtii,SRR5988247,1396901109,10.1016/j.aquatox.2018.04.020,TRANSCRIPTOMIC,a174ac97f375c82c8e632125d2a97bb5,RANDOM,4440009,
PRJNA394256,SRR5988248,C acidophila 3h after Cd exposure,RNA-Seq,Caci3,ftp.sra.ebi.ac.uk/vol1/fastq/SRR598/008/SRR5988248/SRR5988248.fastq.gz,SRX3144018,"strain is the same, methodology is the same, submission institution is the same",True,Comparison of genetic differences and transcriptomic response to cadmium between Chlamydomonas acidophila and Chlamydomonas reinhardtii,SRR5988248,1502276806,10.1016/j.aquatox.2018.04.020,TRANSCRIPTOMIC,d24d195f9eeb8f9cf98b3a4f0b86ebdc,RANDOM,4440008,
PRJNA576974,SRR10269727,Chlamydomonas reinhardtii transcriptomic,RNA-Seq,low lead 2,ftp.sra.ebi.ac.uk/vol1/fastq/SRR102/027/SRR10269727/SRR10269727_1.fastq.gz,SRX6983037,"Control 1: SRR10269729  
Control 2: SRR10269730 
Low lead 1: SRR10269727
Low lead 2: SRR10269728
SRR10269731 (high lead stress)
SRR10269732 (high lead stress)",True,,SRR10269727,2057257939;2110346713,10.3389/fmicb.2020.01443,TRANSCRIPTOMIC,075c7a3df2fbfadfdf86667e9a9d103c;74ae52000e9e6e7b24b81a24131ea719,cDNA,9185008,
PRJNA576974,SRR10269727,Chlamydomonas reinhardtii transcriptomic,RNA-Seq,low lead 2,ftp.sra.ebi.ac.uk/vol1/fastq/SRR102/027/SRR10269727/SRR10269727_2.fastq.gz,SRX6983037,"Control 1: SRR10269729  
Control 2: SRR10269730 
Low lead 1: SRR10269727
Low lead 2: SRR10269728
SRR10269731 (high lead stress)
SRR10269732 (high lead stress)",True,,SRR10269727,2057257939;2110346713,10.3389/fmicb.2020.01443,TRANSCRIPTOMIC,075c7a3df2fbfadfdf86667e9a9d103c;74ae52000e9e6e7b24b81a24131ea719,cDNA,9185008,
PRJNA576974,SRR10269728,Chlamydomonas reinhardtii transcriptomic,RNA-Seq,low lead 1,ftp.sra.ebi.ac.uk/vol1/fastq/SRR102/028/SRR10269728/SRR10269728_1.fastq.gz,SRX6983036,"Control 1: SRR10269729  
Control 2: SRR10269730 
Low lead 1: SRR10269727
Low lead 2: SRR10269728
SRR10269731 (high lead stress)
SRR10269732 (high lead stress)",True,,SRR10269728,1957065715;2006644859,10.3389/fmicb.2020.01443,TRANSCRIPTOMIC,a110c6c4348a3ec01fa20216da5b89bf;42aec9e0f10878ff12ea7b227e92a348,cDNA,9185007,
PRJNA576974,SRR10269728,Chlamydomonas reinhardtii transcriptomic,RNA-Seq,low lead 1,ftp.sra.ebi.ac.uk/vol1/fastq/SRR102/028/SRR10269728/SRR10269728_2.fastq.gz,SRX6983036,"Control 1: SRR10269729  
Control 2: SRR10269730 
Low lead 1: SRR10269727
Low lead 2: SRR10269728
SRR10269731 (high lead stress)
SRR10269732 (high lead stress)",True,,SRR10269728,1957065715;2006644859,10.3389/fmicb.2020.01443,TRANSCRIPTOMIC,a110c6c4348a3ec01fa20216da5b89bf;42aec9e0f10878ff12ea7b227e92a348,cDNA,9185007,
PRJNA576974,SRR10269729,Chlamydomonas reinhardtii transcriptomic,RNA-Seq,control2,ftp.sra.ebi.ac.uk/vol1/fastq/SRR102/029/SRR10269729/SRR10269729_1.fastq.gz,SRX6983035,"Control 1: SRR10269729  
Control 2: SRR10269730 
Low lead 1: SRR10269727
Low lead 2: SRR10269728
SRR10269731 (high lead stress)
SRR10269732 (high lead stress)",True,,SRR10269729,2172817555;2215727670,10.3389/fmicb.2020.01443,TRANSCRIPTOMIC,0463bb2f0eda70b2dfbd70ba86a06e59;7b01790d5838a4248d77d11d3a06f1be,cDNA,9185006,
PRJNA576974,SRR10269729,Chlamydomonas reinhardtii transcriptomic,RNA-Seq,control2,ftp.sra.ebi.ac.uk/vol1/fastq/SRR102/029/SRR10269729/SRR10269729_2.fastq.gz,SRX6983035,"Control 1: SRR10269729  
Control 2: SRR10269730 
Low lead 1: SRR10269727
Low lead 2: SRR10269728
SRR10269731 (high lead stress)
SRR10269732 (high lead stress)",True,,SRR10269729,2172817555;2215727670,10.3389/fmicb.2020.01443,TRANSCRIPTOMIC,0463bb2f0eda70b2dfbd70ba86a06e59;7b01790d5838a4248d77d11d3a06f1be,cDNA,9185006,
PRJNA576974,SRR10269730,Chlamydomonas reinhardtii transcriptomic,RNA-Seq,control1,ftp.sra.ebi.ac.uk/vol1/fastq/SRR102/030/SRR10269730/SRR10269730_1.fastq.gz,SRX6983034,"Control 1: SRR10269729  
Control 2: SRR10269730 
Low lead 1: SRR10269727
Low lead 2: SRR10269728
SRR10269731 (high lead stress)
SRR10269732 (high lead stress)",True,,SRR10269730,1837156863;1887708718,10.3389/fmicb.2020.01443,TRANSCRIPTOMIC,3cd5d820fe0aba42fa3e9356b27e945e;e60701bab0b483dcab6d47fade85f8cf,cDNA,9185005,
PRJNA576974,SRR10269730,Chlamydomonas reinhardtii transcriptomic,RNA-Seq,control1,ftp.sra.ebi.ac.uk/vol1/fastq/SRR102/030/SRR10269730/SRR10269730_2.fastq.gz,SRX6983034,"Control 1: SRR10269729  
Control 2: SRR10269730 
Low lead 1: SRR10269727
Low lead 2: SRR10269728
SRR10269731 (high lead stress)
SRR10269732 (high lead stress)",True,,SRR10269730,1837156863;1887708718,10.3389/fmicb.2020.01443,TRANSCRIPTOMIC,3cd5d820fe0aba42fa3e9356b27e945e;e60701bab0b483dcab6d47fade85f8cf,cDNA,9185005,
PRJNA576974,SRR10269731,Chlamydomonas reinhardtii transcriptomic,RNA-Seq,high lead 2,ftp.sra.ebi.ac.uk/vol1/fastq/SRR102/031/SRR10269731/SRR10269731_1.fastq.gz,SRX6983033,"Control 1: SRR10269729  
Control 2: SRR10269730 
Low lead 1: SRR10269727
Low lead 2: SRR10269728
SRR10269731 (high lead stress)
SRR10269732 (high lead stress)",True,,SRR10269731,2174007856;2231000182,10.3389/fmicb.2020.01443,TRANSCRIPTOMIC,3cfba359941a9658d7802ac6325619e5;8e4314fe5b4972b38f32abf64197be1c,cDNA,9185004,
PRJNA576974,SRR10269731,Chlamydomonas reinhardtii transcriptomic,RNA-Seq,high lead 2,ftp.sra.ebi.ac.uk/vol1/fastq/SRR102/031/SRR10269731/SRR10269731_2.fastq.gz,SRX6983033,"Control 1: SRR10269729  
Control 2: SRR10269730 
Low lead 1: SRR10269727
Low lead 2: SRR10269728
SRR10269731 (high lead stress)
SRR10269732 (high lead stress)",True,,SRR10269731,2174007856;2231000182,10.3389/fmicb.2020.01443,TRANSCRIPTOMIC,3cfba359941a9658d7802ac6325619e5;8e4314fe5b4972b38f32abf64197be1c,cDNA,9185004,
PRJNA576974,SRR10269732,Chlamydomonas reinhardtii transcriptomic,RNA-Seq,high lead 1,ftp.sra.ebi.ac.uk/vol1/fastq/SRR102/032/SRR10269732/SRR10269732_1.fastq.gz,SRX6983032,"Control 1: SRR10269729  
Control 2: SRR10269730 
Low lead 1: SRR10269727
Low lead 2: SRR10269728
SRR10269731 (high lead stress)
SRR10269732 (high lead stress)",True,,SRR10269732,1897736485;1960318878,10.3389/fmicb.2020.01443,TRANSCRIPTOMIC,a99735e3d4a2befef3f3ea9f767aeefa;407841a6f4b43cb06fe79ed4d2e245ee,cDNA,9185003,
PRJNA576974,SRR10269732,Chlamydomonas reinhardtii transcriptomic,RNA-Seq,high lead 1,ftp.sra.ebi.ac.uk/vol1/fastq/SRR102/032/SRR10269732/SRR10269732_2.fastq.gz,SRX6983032,"Control 1: SRR10269729  
Control 2: SRR10269730 
Low lead 1: SRR10269727
Low lead 2: SRR10269728
SRR10269731 (high lead stress)
SRR10269732 (high lead stress)",True,,SRR10269732,1897736485;1960318878,10.3389/fmicb.2020.01443,TRANSCRIPTOMIC,a99735e3d4a2befef3f3ea9f767aeefa;407841a6f4b43cb06fe79ed4d2e245ee,cDNA,9185003,
PRJNA608616,SRR11249502,RNA-Seq of Chlamydomonas cells: 50 microM Cd 6 months,RNA-Seq,HMIBPS22,ftp.sra.ebi.ac.uk/vol1/fastq/SRR112/002/SRR11249502/SRR11249502.fastq.gz,SRX7859773,"combo of control (Ctrl), short-term (ST), and long-term (LT) all available",True,Long-term acclimation to cadmium exposure reveals extensive phenotypic plasticity in Chlamydomonas: subjected to short (3 d) or chronic (6 months) exposure to 50 µM cadmium (Cd),SRR11249502,1082116696,10.1093/plphys/kiab375,TRANSCRIPTOMIC,859d6786b20f060a4a60d007ba71cca2,RANDOM,10287618,
PRJNA608616,SRR11249503,RNA-Seq of Chlamydomonas cells: 6 month Cd-exposed cells grown for 3 days in ctrl conditions,RNA-Seq,HMIBPS21,ftp.sra.ebi.ac.uk/vol1/fastq/SRR112/003/SRR11249503/SRR11249503.fastq.gz,SRX7859772,"combo of control (Ctrl), short-term (ST), and long-term (LT) all available",True,Long-term acclimation to cadmium exposure reveals extensive phenotypic plasticity in Chlamydomonas: subjected to short (3 d) or chronic (6 months) exposure to 50 µM cadmium (Cd),SRR11249503,1123205068,10.1093/plphys/kiab375,TRANSCRIPTOMIC,cccabee547db426fe277a95e0c61a484,RANDOM,10287617,
PRJNA608616,SRR11249504,RNA-Seq of Chlamydomonas cells: 6 month Cd-exposed cells grown for 3 days in ctrl conditions,RNA-Seq,HMIBPS20,ftp.sra.ebi.ac.uk/vol1/fastq/SRR112/004/SRR11249504/SRR11249504.fastq.gz,SRX7859771,"combo of control (Ctrl), short-term (ST), and long-term (LT) all available",True,Long-term acclimation to cadmium exposure reveals extensive phenotypic plasticity in Chlamydomonas: subjected to short (3 d) or chronic (6 months) exposure to 50 µM cadmium (Cd),SRR11249504,1021609752,10.1093/plphys/kiab375,TRANSCRIPTOMIC,14057308854d4a3be73ec354ead6f95f,RANDOM,10287616,
PRJNA608616,SRR11249505,RNA-Seq of Chlamydomonas cells: 6 month Cd-exposed cells grown for 3 days in ctrl conditions,RNA-Seq,HMIBPS19,ftp.sra.ebi.ac.uk/vol1/fastq/SRR112/005/SRR11249505/SRR11249505.fastq.gz,SRX7859770,"combo of control (Ctrl), short-term (ST), and long-term (LT) all available",True,Long-term acclimation to cadmium exposure reveals extensive phenotypic plasticity in Chlamydomonas: subjected to short (3 d) or chronic (6 months) exposure to 50 µM cadmium (Cd),SRR11249505,1068133574,10.1093/plphys/kiab375,TRANSCRIPTOMIC,ceed830b0d8f25eaa8e07eee4e3e6122,RANDOM,10287615,
PRJNA608616,SRR11249506,RNA-Seq of Chlamydomonas cells: 50 microM Cd 3 days,RNA-Seq,HMIBPS18,ftp.sra.ebi.ac.uk/vol1/fastq/SRR112/006/SRR11249506/SRR11249506.fastq.gz,SRX7859769,"combo of control (Ctrl), short-term (ST), and long-term (LT) all available",True,Long-term acclimation to cadmium exposure reveals extensive phenotypic plasticity in Chlamydomonas: subjected to short (3 d) or chronic (6 months) exposure to 50 µM cadmium (Cd),SRR11249506,952241201,10.1093/plphys/kiab375,TRANSCRIPTOMIC,5d429e0c37404c7900b4eecd57320ff8,RANDOM,10287614,
PRJNA608616,SRR11249507,RNA-Seq of Chlamydomonas cells: 50 microM Cd 3 days,RNA-Seq,HMIBPS17,ftp.sra.ebi.ac.uk/vol1/fastq/SRR112/007/SRR11249507/SRR11249507.fastq.gz,SRX7859768,"combo of control (Ctrl), short-term (ST), and long-term (LT) all available",True,Long-term acclimation to cadmium exposure reveals extensive phenotypic plasticity in Chlamydomonas: subjected to short (3 d) or chronic (6 months) exposure to 50 µM cadmium (Cd),SRR11249507,1062090756,10.1093/plphys/kiab375,TRANSCRIPTOMIC,b88a4280df9a4c7fcd4a264365198e21,RANDOM,10287613,
PRJNA608616,SRR11249508,RNA-Seq of Chlamydomonas cells: 50 microM Cd 3 days,RNA-Seq,HMIBPS16,ftp.sra.ebi.ac.uk/vol1/fastq/SRR112/008/SRR11249508/SRR11249508.fastq.gz,SRX7859767,"combo of control (Ctrl), short-term (ST), and long-term (LT) all available",True,Long-term acclimation to cadmium exposure reveals extensive phenotypic plasticity in Chlamydomonas: subjected to short (3 d) or chronic (6 months) exposure to 50 µM cadmium (Cd),SRR11249508,1023972107,10.1093/plphys/kiab375,TRANSCRIPTOMIC,6fe968d3c4e8aae30528d0b18aacc608,RANDOM,10287612,
PRJNA608616,SRR11249509,RNA-Seq of Chlamydomonas cells: ctrl conditions,RNA-Seq,HMIBPS15,ftp.sra.ebi.ac.uk/vol1/fastq/SRR112/009/SRR11249509/SRR11249509.fastq.gz,SRX7859766,"combo of control (Ctrl), short-term (ST), and long-term (LT) all available",True,Long-term acclimation to cadmium exposure reveals extensive phenotypic plasticity in Chlamydomonas: subjected to short (3 d) or chronic (6 months) exposure to 50 µM cadmium (Cd),SRR11249509,963887385,10.1093/plphys/kiab375,TRANSCRIPTOMIC,c0ea9f54ec357f6e754080d183b0575a,RANDOM,10287611,
PRJNA608616,SRR11249510,RNA-Seq of Chlamydomonas cells: 50 microM Cd 6 months,RNA-Seq,HMIBPS24,ftp.sra.ebi.ac.uk/vol1/fastq/SRR112/010/SRR11249510/SRR11249510.fastq.gz,SRX7859765,"combo of control (Ctrl), short-term (ST), and long-term (LT) all available",True,Long-term acclimation to cadmium exposure reveals extensive phenotypic plasticity in Chlamydomonas: subjected to short (3 d) or chronic (6 months) exposure to 50 µM cadmium (Cd),SRR11249510,1114259453,10.1093/plphys/kiab375,TRANSCRIPTOMIC,69f5e02ac0d70d73fb1019b812b55c94,RANDOM,10287610,
PRJNA608616,SRR11249511,RNA-Seq of Chlamydomonas cells: 50 microM Cd 6 months,RNA-Seq,HMIBPS23,ftp.sra.ebi.ac.uk/vol1/fastq/SRR112/011/SRR11249511/SRR11249511.fastq.gz,SRX7859764,"combo of control (Ctrl), short-term (ST), and long-term (LT) all available",True,Long-term acclimation to cadmium exposure reveals extensive phenotypic plasticity in Chlamydomonas: subjected to short (3 d) or chronic (6 months) exposure to 50 µM cadmium (Cd),SRR11249511,1066664376,10.1093/plphys/kiab375,TRANSCRIPTOMIC,f9ee6691aeb4df884f8c75a58d15ade8,RANDOM,10287609,
PRJNA608616,SRR11249512,RNA-Seq of Chlamydomonas cells: ctrl conditions,RNA-Seq,HMIBPS14,ftp.sra.ebi.ac.uk/vol1/fastq/SRR112/012/SRR11249512/SRR11249512.fastq.gz,SRX7859763,"combo of control (Ctrl), short-term (ST), and long-term (LT) all available",True,Long-term acclimation to cadmium exposure reveals extensive phenotypic plasticity in Chlamydomonas: subjected to short (3 d) or chronic (6 months) exposure to 50 µM cadmium (Cd),SRR11249512,1046541245,10.1093/plphys/kiab375,TRANSCRIPTOMIC,88a088e0447d6ab9420c13eeda5dc216,RANDOM,10287608,
PRJNA608616,SRR11249513,RNA-Seq of Chlamydomonas cells: ctrl conditions,RNA-Seq,HMIBPS13,ftp.sra.ebi.ac.uk/vol1/fastq/SRR112/013/SRR11249513/SRR11249513.fastq.gz,SRX7859762,"combo of control (Ctrl), short-term (ST), and long-term (LT) all available",True,Long-term acclimation to cadmium exposure reveals extensive phenotypic plasticity in Chlamydomonas: subjected to short (3 d) or chronic (6 months) exposure to 50 µM cadmium (Cd),SRR11249513,1080038168,10.1093/plphys/kiab375,TRANSCRIPTOMIC,cb13bce5cbfd691d6f0769e10f07f0b6,RANDOM,10287607,
PRJNA735693,SRR14746971,GSM5361126: Creinhardtii_Ctl1; Chlamydomonas reinhardtii; RNA-Seq,RNA-Seq,,ftp.sra.ebi.ac.uk/vol1/fastq/SRR147/071/SRR14746971/SRR14746971_1.fastq.gz,SRX11081339,"(5 replicates for each treatment: Ce, Tm, Y, Mix, controls = ""Ctl""  in sample name)",True,Rare earth elements show antagonistic interactions as revealed by transcriptome profiling in Chlamydomonas reinhardtii,SRR14746971,1727843459;1700582196,10.1016/j.envpol.2021.117594,TRANSCRIPTOMIC,b85e2776698f58c39d6324af1b8d9f61;196a8d57c192b25f95c50bfaf7d7b23b,cDNA,14749612,GSE176268
PRJNA735693,SRR14746971,GSM5361126: Creinhardtii_Ctl1; Chlamydomonas reinhardtii; RNA-Seq,RNA-Seq,,ftp.sra.ebi.ac.uk/vol1/fastq/SRR147/071/SRR14746971/SRR14746971_2.fastq.gz,SRX11081339,"(5 replicates for each treatment: Ce, Tm, Y, Mix, controls = ""Ctl""  in sample name)",True,Rare earth elements show antagonistic interactions as revealed by transcriptome profiling in Chlamydomonas reinhardtii,SRR14746971,1727843459;1700582196,10.1016/j.envpol.2021.117594,TRANSCRIPTOMIC,b85e2776698f58c39d6324af1b8d9f61;196a8d57c192b25f95c50bfaf7d7b23b,cDNA,14749612,GSE176268
PRJNA735693,SRR14746972,GSM5361127: Creinhardtii_Ctl2; Chlamydomonas reinhardtii; RNA-Seq,RNA-Seq,,ftp.sra.ebi.ac.uk/vol1/fastq/SRR147/072/SRR14746972/SRR14746972_1.fastq.gz,SRX11081340,"(5 replicates for each treatment: Ce, Tm, Y, Mix, controls = ""Ctl""  in sample name)",True,Rare earth elements show antagonistic interactions as revealed by transcriptome profiling in Chlamydomonas reinhardtii,SRR14746972,1339611162;1505680965,10.1016/j.envpol.2021.117594,TRANSCRIPTOMIC,391e3e5912cfff5171b08c40133f54ca;b23d50682b0132ef02608ee3a76174b9,cDNA,14749613,GSE176268
PRJNA735693,SRR14746972,GSM5361127: Creinhardtii_Ctl2; Chlamydomonas reinhardtii; RNA-Seq,RNA-Seq,,ftp.sra.ebi.ac.uk/vol1/fastq/SRR147/072/SRR14746972/SRR14746972_2.fastq.gz,SRX11081340,"(5 replicates for each treatment: Ce, Tm, Y, Mix, controls = ""Ctl""  in sample name)",True,Rare earth elements show antagonistic interactions as revealed by transcriptome profiling in Chlamydomonas reinhardtii,SRR14746972,1339611162;1505680965,10.1016/j.envpol.2021.117594,TRANSCRIPTOMIC,391e3e5912cfff5171b08c40133f54ca;b23d50682b0132ef02608ee3a76174b9,cDNA,14749613,GSE176268
PRJNA735693,SRR14746973,GSM5361128: Creinhardtii_Ctl3; Chlamydomonas reinhardtii; RNA-Seq,RNA-Seq,,ftp.sra.ebi.ac.uk/vol1/fastq/SRR147/073/SRR14746973/SRR14746973_1.fastq.gz,SRX11081341,"(5 replicates for each treatment: Ce, Tm, Y, Mix, controls = ""Ctl""  in sample name)",True,Rare earth elements show antagonistic interactions as revealed by transcriptome profiling in Chlamydomonas reinhardtii,SRR14746973,2325584286;2548868749,10.1016/j.envpol.2021.117594,TRANSCRIPTOMIC,14d29d7c0b803bd8d98a4e56aa58ceb6;caf58396bbf9591fc0aac70670e4b8f3,cDNA,14749614,GSE176268
PRJNA735693,SRR14746973,GSM5361128: Creinhardtii_Ctl3; Chlamydomonas reinhardtii; RNA-Seq,RNA-Seq,,ftp.sra.ebi.ac.uk/vol1/fastq/SRR147/073/SRR14746973/SRR14746973_2.fastq.gz,SRX11081341,"(5 replicates for each treatment: Ce, Tm, Y, Mix, controls = ""Ctl""  in sample name)",True,Rare earth elements show antagonistic interactions as revealed by transcriptome profiling in Chlamydomonas reinhardtii,SRR14746973,2325584286;2548868749,10.1016/j.envpol.2021.117594,TRANSCRIPTOMIC,14d29d7c0b803bd8d98a4e56aa58ceb6;caf58396bbf9591fc0aac70670e4b8f3,cDNA,14749614,GSE176268
PRJNA735693,SRR14746974,GSM5361129: Creinhardtii_Ctl4; Chlamydomonas reinhardtii; RNA-Seq,RNA-Seq,,ftp.sra.ebi.ac.uk/vol1/fastq/SRR147/074/SRR14746974/SRR14746974_1.fastq.gz,SRX11081342,"(5 replicates for each treatment: Ce, Tm, Y, Mix, controls = ""Ctl""  in sample name)",True,Rare earth elements show antagonistic interactions as revealed by transcriptome profiling in Chlamydomonas reinhardtii,SRR14746974,1711024321;1936007969,10.1016/j.envpol.2021.117594,TRANSCRIPTOMIC,025b50791b1383b47ce2a18f4cbae56d;b9b33d11013c398131610773113b55a3,cDNA,14749615,GSE176268
PRJNA735693,SRR14746974,GSM5361129: Creinhardtii_Ctl4; Chlamydomonas reinhardtii; RNA-Seq,RNA-Seq,,ftp.sra.ebi.ac.uk/vol1/fastq/SRR147/074/SRR14746974/SRR14746974_2.fastq.gz,SRX11081342,"(5 replicates for each treatment: Ce, Tm, Y, Mix, controls = ""Ctl""  in sample name)",True,Rare earth elements show antagonistic interactions as revealed by transcriptome profiling in Chlamydomonas reinhardtii,SRR14746974,1711024321;1936007969,10.1016/j.envpol.2021.117594,TRANSCRIPTOMIC,025b50791b1383b47ce2a18f4cbae56d;b9b33d11013c398131610773113b55a3,cDNA,14749615,GSE176268
PRJNA735693,SRR14746975,GSM5361130: Creinhardtii_Ctl5; Chlamydomonas reinhardtii; RNA-Seq,RNA-Seq,,ftp.sra.ebi.ac.uk/vol1/fastq/SRR147/075/SRR14746975/SRR14746975_1.fastq.gz,SRX11081343,"(5 replicates for each treatment: Ce, Tm, Y, Mix, controls = ""Ctl""  in sample name)",True,Rare earth elements show antagonistic interactions as revealed by transcriptome profiling in Chlamydomonas reinhardtii,SRR14746975,1449781623;1620324338,10.1016/j.envpol.2021.117594,TRANSCRIPTOMIC,b7b1cb517b63f60cd1e7ec4faa698bd8;8d7b7da2a8915fd2d8b5c42f88e603fc,cDNA,14749616,GSE176268
PRJNA735693,SRR14746975,GSM5361130: Creinhardtii_Ctl5; Chlamydomonas reinhardtii; RNA-Seq,RNA-Seq,,ftp.sra.ebi.ac.uk/vol1/fastq/SRR147/075/SRR14746975/SRR14746975_2.fastq.gz,SRX11081343,"(5 replicates for each treatment: Ce, Tm, Y, Mix, controls = ""Ctl""  in sample name)",True,Rare earth elements show antagonistic interactions as revealed by transcriptome profiling in Chlamydomonas reinhardtii,SRR14746975,1449781623;1620324338,10.1016/j.envpol.2021.117594,TRANSCRIPTOMIC,b7b1cb517b63f60cd1e7ec4faa698bd8;8d7b7da2a8915fd2d8b5c42f88e603fc,cDNA,14749616,GSE176268
PRJNA735693,SRR14746976,GSM5361131: Creinhardtii_YCeTm1; Chlamydomonas reinhardtii; RNA-Seq,RNA-Seq,,ftp.sra.ebi.ac.uk/vol1/fastq/SRR147/076/SRR14746976/SRR14746976_1.fastq.gz,SRX11081344,"(5 replicates for each treatment: Ce, Tm, Y, Mix, controls = ""Ctl""  in sample name)",True,Rare earth elements show antagonistic interactions as revealed by transcriptome profiling in Chlamydomonas reinhardtii,SRR14746976,1479251371;1622716774,10.1016/j.envpol.2021.117594,TRANSCRIPTOMIC,f4864b9841e37ff04f37038f5572cf05;b9410296e7e86301948ba54c4bc2ee98,cDNA,14749617,GSE176268
PRJNA735693,SRR14746976,GSM5361131: Creinhardtii_YCeTm1; Chlamydomonas reinhardtii; RNA-Seq,RNA-Seq,,ftp.sra.ebi.ac.uk/vol1/fastq/SRR147/076/SRR14746976/SRR14746976_2.fastq.gz,SRX11081344,"(5 replicates for each treatment: Ce, Tm, Y, Mix, controls = ""Ctl""  in sample name)",True,Rare earth elements show antagonistic interactions as revealed by transcriptome profiling in Chlamydomonas reinhardtii,SRR14746976,1479251371;1622716774,10.1016/j.envpol.2021.117594,TRANSCRIPTOMIC,f4864b9841e37ff04f37038f5572cf05;b9410296e7e86301948ba54c4bc2ee98,cDNA,14749617,GSE176268
PRJNA735693,SRR14746977,GSM5361132: Creinhardtii_YCeTm2; Chlamydomonas reinhardtii; RNA-Seq,RNA-Seq,,ftp.sra.ebi.ac.uk/vol1/fastq/SRR147/077/SRR14746977/SRR14746977_1.fastq.gz,SRX11081345,"(5 replicates for each treatment: Ce, Tm, Y, Mix, controls = ""Ctl""  in sample name)",True,Rare earth elements show antagonistic interactions as revealed by transcriptome profiling in Chlamydomonas reinhardtii,SRR14746977,1771852393;1942449277,10.1016/j.envpol.2021.117594,TRANSCRIPTOMIC,18df0cb365ac005f30e75c6cd98b067f;2a6c65d6174eba39f57635f638aa50ec,cDNA,14749618,GSE176268
PRJNA735693,SRR14746977,GSM5361132: Creinhardtii_YCeTm2; Chlamydomonas reinhardtii; RNA-Seq,RNA-Seq,,ftp.sra.ebi.ac.uk/vol1/fastq/SRR147/077/SRR14746977/SRR14746977_2.fastq.gz,SRX11081345,"(5 replicates for each treatment: Ce, Tm, Y, Mix, controls = ""Ctl""  in sample name)",True,Rare earth elements show antagonistic interactions as revealed by transcriptome profiling in Chlamydomonas reinhardtii,SRR14746977,1771852393;1942449277,10.1016/j.envpol.2021.117594,TRANSCRIPTOMIC,18df0cb365ac005f30e75c6cd98b067f;2a6c65d6174eba39f57635f638aa50ec,cDNA,14749618,GSE176268
PRJNA735693,SRR14746978,GSM5361133: Creinhardtii_YCeTm3; Chlamydomonas reinhardtii; RNA-Seq,RNA-Seq,,ftp.sra.ebi.ac.uk/vol1/fastq/SRR147/078/SRR14746978/SRR14746978_1.fastq.gz,SRX11081346,"(5 replicates for each treatment: Ce, Tm, Y, Mix, controls = ""Ctl""  in sample name)",True,Rare earth elements show antagonistic interactions as revealed by transcriptome profiling in Chlamydomonas reinhardtii,SRR14746978,1681780252;1887680641,10.1016/j.envpol.2021.117594,TRANSCRIPTOMIC,5819eba90aaf3d448462437518aad1c3;ac4bb83c10947537b4917d32316872b0,cDNA,14749619,GSE176268
PRJNA735693,SRR14746978,GSM5361133: Creinhardtii_YCeTm3; Chlamydomonas reinhardtii; RNA-Seq,RNA-Seq,,ftp.sra.ebi.ac.uk/vol1/fastq/SRR147/078/SRR14746978/SRR14746978_2.fastq.gz,SRX11081346,"(5 replicates for each treatment: Ce, Tm, Y, Mix, controls = ""Ctl""  in sample name)",True,Rare earth elements show antagonistic interactions as revealed by transcriptome profiling in Chlamydomonas reinhardtii,SRR14746978,1681780252;1887680641,10.1016/j.envpol.2021.117594,TRANSCRIPTOMIC,5819eba90aaf3d448462437518aad1c3;ac4bb83c10947537b4917d32316872b0,cDNA,14749619,GSE176268
PRJNA735693,SRR14746979,GSM5361134: Creinhardtii_YCeTm4; Chlamydomonas reinhardtii; RNA-Seq,RNA-Seq,,ftp.sra.ebi.ac.uk/vol1/fastq/SRR147/079/SRR14746979/SRR14746979_1.fastq.gz,SRX11081347,"(5 replicates for each treatment: Ce, Tm, Y, Mix, controls = ""Ctl""  in sample name)",True,Rare earth elements show antagonistic interactions as revealed by transcriptome profiling in Chlamydomonas reinhardtii,SRR14746979,1470749458;1650586670,10.1016/j.envpol.2021.117594,TRANSCRIPTOMIC,f61ad0ab36b4d93cf8c1f95683e64a98;fe871af847e231a3df5573209d4fbfe4,cDNA,14749620,GSE176268
PRJNA735693,SRR14746979,GSM5361134: Creinhardtii_YCeTm4; Chlamydomonas reinhardtii; RNA-Seq,RNA-Seq,,ftp.sra.ebi.ac.uk/vol1/fastq/SRR147/079/SRR14746979/SRR14746979_2.fastq.gz,SRX11081347,"(5 replicates for each treatment: Ce, Tm, Y, Mix, controls = ""Ctl""  in sample name)",True,Rare earth elements show antagonistic interactions as revealed by transcriptome profiling in Chlamydomonas reinhardtii,SRR14746979,1470749458;1650586670,10.1016/j.envpol.2021.117594,TRANSCRIPTOMIC,f61ad0ab36b4d93cf8c1f95683e64a98;fe871af847e231a3df5573209d4fbfe4,cDNA,14749620,GSE176268
PRJNA735693,SRR14746980,GSM5361135: Creinhardtii_YCeTm5; Chlamydomonas reinhardtii; RNA-Seq,RNA-Seq,,ftp.sra.ebi.ac.uk/vol1/fastq/SRR147/080/SRR14746980/SRR14746980_1.fastq.gz,SRX11081348,"(5 replicates for each treatment: Ce, Tm, Y, Mix, controls = ""Ctl""  in sample name)",True,Rare earth elements show antagonistic interactions as revealed by transcriptome profiling in Chlamydomonas reinhardtii,SRR14746980,1845812718;2050111753,10.1016/j.envpol.2021.117594,TRANSCRIPTOMIC,ca2e924afd836d3751aef37dce323163;7dc235b34c8cf62199fdfaf9a2c4639d,cDNA,14749621,GSE176268
PRJNA735693,SRR14746980,GSM5361135: Creinhardtii_YCeTm5; Chlamydomonas reinhardtii; RNA-Seq,RNA-Seq,,ftp.sra.ebi.ac.uk/vol1/fastq/SRR147/080/SRR14746980/SRR14746980_2.fastq.gz,SRX11081348,"(5 replicates for each treatment: Ce, Tm, Y, Mix, controls = ""Ctl""  in sample name)",True,Rare earth elements show antagonistic interactions as revealed by transcriptome profiling in Chlamydomonas reinhardtii,SRR14746980,1845812718;2050111753,10.1016/j.envpol.2021.117594,TRANSCRIPTOMIC,ca2e924afd836d3751aef37dce323163;7dc235b34c8cf62199fdfaf9a2c4639d,cDNA,14749621,GSE176268
PRJNA735693,SRR14746981,GSM5361136: Creinhardtii_Y1; Chlamydomonas reinhardtii; RNA-Seq,RNA-Seq,,ftp.sra.ebi.ac.uk/vol1/fastq/SRR147/081/SRR14746981/SRR14746981_1.fastq.gz,SRX11081349,"(5 replicates for each treatment: Ce, Tm, Y, Mix, controls = ""Ctl""  in sample name)",True,Rare earth elements show antagonistic interactions as revealed by transcriptome profiling in Chlamydomonas reinhardtii,SRR14746981,1775902354;1812037394,10.1016/j.envpol.2021.117594,TRANSCRIPTOMIC,d7c8853fcd0447123cb47c34e5b4b6e5;d78e936fe1e02ca5d65a2619d4bef65f,cDNA,14749622,GSE176268
PRJNA735693,SRR14746981,GSM5361136: Creinhardtii_Y1; Chlamydomonas reinhardtii; RNA-Seq,RNA-Seq,,ftp.sra.ebi.ac.uk/vol1/fastq/SRR147/081/SRR14746981/SRR14746981_2.fastq.gz,SRX11081349,"(5 replicates for each treatment: Ce, Tm, Y, Mix, controls = ""Ctl""  in sample name)",True,Rare earth elements show antagonistic interactions as revealed by transcriptome profiling in Chlamydomonas reinhardtii,SRR14746981,1775902354;1812037394,10.1016/j.envpol.2021.117594,TRANSCRIPTOMIC,d7c8853fcd0447123cb47c34e5b4b6e5;d78e936fe1e02ca5d65a2619d4bef65f,cDNA,14749622,GSE176268
PRJNA735693,SRR14746982,GSM5361137: Creinhardtii_Y2; Chlamydomonas reinhardtii; RNA-Seq,RNA-Seq,,ftp.sra.ebi.ac.uk/vol1/fastq/SRR147/082/SRR14746982/SRR14746982_1.fastq.gz,SRX11081350,"(5 replicates for each treatment: Ce, Tm, Y, Mix, controls = ""Ctl""  in sample name)",True,Rare earth elements show antagonistic interactions as revealed by transcriptome profiling in Chlamydomonas reinhardtii,SRR14746982,1780573007;1968765113,10.1016/j.envpol.2021.117594,TRANSCRIPTOMIC,099e27c1f7f6630d63543e6b5845fbcf;32f3cc81aca8bbeac2aa67a34d58e241,cDNA,14749623,GSE176268
PRJNA735693,SRR14746982,GSM5361137: Creinhardtii_Y2; Chlamydomonas reinhardtii; RNA-Seq,RNA-Seq,,ftp.sra.ebi.ac.uk/vol1/fastq/SRR147/082/SRR14746982/SRR14746982_2.fastq.gz,SRX11081350,"(5 replicates for each treatment: Ce, Tm, Y, Mix, controls = ""Ctl""  in sample name)",True,Rare earth elements show antagonistic interactions as revealed by transcriptome profiling in Chlamydomonas reinhardtii,SRR14746982,1780573007;1968765113,10.1016/j.envpol.2021.117594,TRANSCRIPTOMIC,099e27c1f7f6630d63543e6b5845fbcf;32f3cc81aca8bbeac2aa67a34d58e241,cDNA,14749623,GSE176268
PRJNA735693,SRR14746983,GSM5361138: Creinhardtii_Y3; Chlamydomonas reinhardtii; RNA-Seq,RNA-Seq,,ftp.sra.ebi.ac.uk/vol1/fastq/SRR147/083/SRR14746983/SRR14746983_1.fastq.gz,SRX11081351,"(5 replicates for each treatment: Ce, Tm, Y, Mix, controls = ""Ctl""  in sample name)",True,Rare earth elements show antagonistic interactions as revealed by transcriptome profiling in Chlamydomonas reinhardtii,SRR14746983,1705658246;1920474133,10.1016/j.envpol.2021.117594,TRANSCRIPTOMIC,068038fa5ce4e5bddcdb0e16b3d7b71f;8fe135f444403feeed2ddda62c768735,cDNA,14749624,GSE176268
PRJNA735693,SRR14746983,GSM5361138: Creinhardtii_Y3; Chlamydomonas reinhardtii; RNA-Seq,RNA-Seq,,ftp.sra.ebi.ac.uk/vol1/fastq/SRR147/083/SRR14746983/SRR14746983_2.fastq.gz,SRX11081351,"(5 replicates for each treatment: Ce, Tm, Y, Mix, controls = ""Ctl""  in sample name)",True,Rare earth elements show antagonistic interactions as revealed by transcriptome profiling in Chlamydomonas reinhardtii,SRR14746983,1705658246;1920474133,10.1016/j.envpol.2021.117594,TRANSCRIPTOMIC,068038fa5ce4e5bddcdb0e16b3d7b71f;8fe135f444403feeed2ddda62c768735,cDNA,14749624,GSE176268
PRJNA735693,SRR14746984,GSM5361139: Creinhardtii_Y4; Chlamydomonas reinhardtii; RNA-Seq,RNA-Seq,,ftp.sra.ebi.ac.uk/vol1/fastq/SRR147/084/SRR14746984/SRR14746984_1.fastq.gz,SRX11081352,"(5 replicates for each treatment: Ce, Tm, Y, Mix, controls = ""Ctl""  in sample name)",True,Rare earth elements show antagonistic interactions as revealed by transcriptome profiling in Chlamydomonas reinhardtii,SRR14746984,1690355777;1885007236,10.1016/j.envpol.2021.117594,TRANSCRIPTOMIC,01d32e0676936996cdb5483938862387;d9df7e9c8c8bc9e5218595779bfdd4a3,cDNA,14749625,GSE176268
PRJNA735693,SRR14746984,GSM5361139: Creinhardtii_Y4; Chlamydomonas reinhardtii; RNA-Seq,RNA-Seq,,ftp.sra.ebi.ac.uk/vol1/fastq/SRR147/084/SRR14746984/SRR14746984_2.fastq.gz,SRX11081352,"(5 replicates for each treatment: Ce, Tm, Y, Mix, controls = ""Ctl""  in sample name)",True,Rare earth elements show antagonistic interactions as revealed by transcriptome profiling in Chlamydomonas reinhardtii,SRR14746984,1690355777;1885007236,10.1016/j.envpol.2021.117594,TRANSCRIPTOMIC,01d32e0676936996cdb5483938862387;d9df7e9c8c8bc9e5218595779bfdd4a3,cDNA,14749625,GSE176268
PRJNA735693,SRR14746985,GSM5361140: Creinhardtii_Y5; Chlamydomonas reinhardtii; RNA-Seq,RNA-Seq,,ftp.sra.ebi.ac.uk/vol1/fastq/SRR147/085/SRR14746985/SRR14746985_1.fastq.gz,SRX11081353,"(5 replicates for each treatment: Ce, Tm, Y, Mix, controls = ""Ctl""  in sample name)",True,Rare earth elements show antagonistic interactions as revealed by transcriptome profiling in Chlamydomonas reinhardtii,SRR14746985,1374951304;1556218867,10.1016/j.envpol.2021.117594,TRANSCRIPTOMIC,a3cbb0375a64e4b47a2e5aa9c7b401dc;704ffcd2ba0177435f800c01d5d92edd,cDNA,14749626,GSE176268
PRJNA735693,SRR14746985,GSM5361140: Creinhardtii_Y5; Chlamydomonas reinhardtii; RNA-Seq,RNA-Seq,,ftp.sra.ebi.ac.uk/vol1/fastq/SRR147/085/SRR14746985/SRR14746985_2.fastq.gz,SRX11081353,"(5 replicates for each treatment: Ce, Tm, Y, Mix, controls = ""Ctl""  in sample name)",True,Rare earth elements show antagonistic interactions as revealed by transcriptome profiling in Chlamydomonas reinhardtii,SRR14746985,1374951304;1556218867,10.1016/j.envpol.2021.117594,TRANSCRIPTOMIC,a3cbb0375a64e4b47a2e5aa9c7b401dc;704ffcd2ba0177435f800c01d5d92edd,cDNA,14749626,GSE176268
PRJNA735693,SRR14746986,GSM5361141: Creinhardtii_Tm1; Chlamydomonas reinhardtii; RNA-Seq,RNA-Seq,,ftp.sra.ebi.ac.uk/vol1/fastq/SRR147/086/SRR14746986/SRR14746986_1.fastq.gz,SRX11081354,"(5 replicates for each treatment: Ce, Tm, Y, Mix, controls = ""Ctl""  in sample name)",True,Rare earth elements show antagonistic interactions as revealed by transcriptome profiling in Chlamydomonas reinhardtii,SRR14746986,1086972844;1193486814,10.1016/j.envpol.2021.117594,TRANSCRIPTOMIC,b00b96200234103828113858df1a6a9a;2c239849a3d917be958679d63591787b,cDNA,14749627,GSE176268
PRJNA735693,SRR14746986,GSM5361141: Creinhardtii_Tm1; Chlamydomonas reinhardtii; RNA-Seq,RNA-Seq,,ftp.sra.ebi.ac.uk/vol1/fastq/SRR147/086/SRR14746986/SRR14746986_2.fastq.gz,SRX11081354,"(5 replicates for each treatment: Ce, Tm, Y, Mix, controls = ""Ctl""  in sample name)",True,Rare earth elements show antagonistic interactions as revealed by transcriptome profiling in Chlamydomonas reinhardtii,SRR14746986,1086972844;1193486814,10.1016/j.envpol.2021.117594,TRANSCRIPTOMIC,b00b96200234103828113858df1a6a9a;2c239849a3d917be958679d63591787b,cDNA,14749627,GSE176268
PRJNA735693,SRR14746987,GSM5361142: Creinhardtii_Tm2; Chlamydomonas reinhardtii; RNA-Seq,RNA-Seq,,ftp.sra.ebi.ac.uk/vol1/fastq/SRR147/087/SRR14746987/SRR14746987_1.fastq.gz,SRX11081355,"(5 replicates for each treatment: Ce, Tm, Y, Mix, controls = ""Ctl""  in sample name)",True,Rare earth elements show antagonistic interactions as revealed by transcriptome profiling in Chlamydomonas reinhardtii,SRR14746987,1338507768;1532627422,10.1016/j.envpol.2021.117594,TRANSCRIPTOMIC,00479033f0e8e2dbef3fb439bf01f2d0;13cc023c387d83c6b6cd9be5d9847933,cDNA,14749628,GSE176268
PRJNA735693,SRR14746987,GSM5361142: Creinhardtii_Tm2; Chlamydomonas reinhardtii; RNA-Seq,RNA-Seq,,ftp.sra.ebi.ac.uk/vol1/fastq/SRR147/087/SRR14746987/SRR14746987_2.fastq.gz,SRX11081355,"(5 replicates for each treatment: Ce, Tm, Y, Mix, controls = ""Ctl""  in sample name)",True,Rare earth elements show antagonistic interactions as revealed by transcriptome profiling in Chlamydomonas reinhardtii,SRR14746987,1338507768;1532627422,10.1016/j.envpol.2021.117594,TRANSCRIPTOMIC,00479033f0e8e2dbef3fb439bf01f2d0;13cc023c387d83c6b6cd9be5d9847933,cDNA,14749628,GSE176268
PRJNA735693,SRR14746988,GSM5361143: Creinhardtii_Tm3; Chlamydomonas reinhardtii; RNA-Seq,RNA-Seq,,ftp.sra.ebi.ac.uk/vol1/fastq/SRR147/088/SRR14746988/SRR14746988_1.fastq.gz,SRX11081356,"(5 replicates for each treatment: Ce, Tm, Y, Mix, controls = ""Ctl""  in sample name)",True,Rare earth elements show antagonistic interactions as revealed by transcriptome profiling in Chlamydomonas reinhardtii,SRR14746988,1811478429;2013764372,10.1016/j.envpol.2021.117594,TRANSCRIPTOMIC,fd00eee22374e30fa9fa4039dbd6768b;e7ded27b01a641717ccfcf8191c14059,cDNA,14749629,GSE176268
PRJNA735693,SRR14746988,GSM5361143: Creinhardtii_Tm3; Chlamydomonas reinhardtii; RNA-Seq,RNA-Seq,,ftp.sra.ebi.ac.uk/vol1/fastq/SRR147/088/SRR14746988/SRR14746988_2.fastq.gz,SRX11081356,"(5 replicates for each treatment: Ce, Tm, Y, Mix, controls = ""Ctl""  in sample name)",True,Rare earth elements show antagonistic interactions as revealed by transcriptome profiling in Chlamydomonas reinhardtii,SRR14746988,1811478429;2013764372,10.1016/j.envpol.2021.117594,TRANSCRIPTOMIC,fd00eee22374e30fa9fa4039dbd6768b;e7ded27b01a641717ccfcf8191c14059,cDNA,14749629,GSE176268
PRJNA735693,SRR14746989,GSM5361144: Creinhardtii_Tm4; Chlamydomonas reinhardtii; RNA-Seq,RNA-Seq,,ftp.sra.ebi.ac.uk/vol1/fastq/SRR147/089/SRR14746989/SRR14746989_1.fastq.gz,SRX11081357,"(5 replicates for each treatment: Ce, Tm, Y, Mix, controls = ""Ctl""  in sample name)",True,Rare earth elements show antagonistic interactions as revealed by transcriptome profiling in Chlamydomonas reinhardtii,SRR14746989,1757271792;1964342368,10.1016/j.envpol.2021.117594,TRANSCRIPTOMIC,1657971fe7d102698e3dd876aba59070;6e320e04085c7e53164ec8274023acea,cDNA,14749630,GSE176268
PRJNA735693,SRR14746989,GSM5361144: Creinhardtii_Tm4; Chlamydomonas reinhardtii; RNA-Seq,RNA-Seq,,ftp.sra.ebi.ac.uk/vol1/fastq/SRR147/089/SRR14746989/SRR14746989_2.fastq.gz,SRX11081357,"(5 replicates for each treatment: Ce, Tm, Y, Mix, controls = ""Ctl""  in sample name)",True,Rare earth elements show antagonistic interactions as revealed by transcriptome profiling in Chlamydomonas reinhardtii,SRR14746989,1757271792;1964342368,10.1016/j.envpol.2021.117594,TRANSCRIPTOMIC,1657971fe7d102698e3dd876aba59070;6e320e04085c7e53164ec8274023acea,cDNA,14749630,GSE176268
PRJNA735693,SRR14746990,GSM5361145: Creinhardtii_Tm5; Chlamydomonas reinhardtii; RNA-Seq,RNA-Seq,,ftp.sra.ebi.ac.uk/vol1/fastq/SRR147/090/SRR14746990/SRR14746990_1.fastq.gz,SRX11081358,"(5 replicates for each treatment: Ce, Tm, Y, Mix, controls = ""Ctl""  in sample name)",True,Rare earth elements show antagonistic interactions as revealed by transcriptome profiling in Chlamydomonas reinhardtii,SRR14746990,1503817973;1679143677,10.1016/j.envpol.2021.117594,TRANSCRIPTOMIC,9ee79c5f4e61709801fd3e7d401bbf68;d660da32b0b478f640e2ff5c03acf591,cDNA,14749631,GSE176268
PRJNA735693,SRR14746990,GSM5361145: Creinhardtii_Tm5; Chlamydomonas reinhardtii; RNA-Seq,RNA-Seq,,ftp.sra.ebi.ac.uk/vol1/fastq/SRR147/090/SRR14746990/SRR14746990_2.fastq.gz,SRX11081358,"(5 replicates for each treatment: Ce, Tm, Y, Mix, controls = ""Ctl""  in sample name)",True,Rare earth elements show antagonistic interactions as revealed by transcriptome profiling in Chlamydomonas reinhardtii,SRR14746990,1503817973;1679143677,10.1016/j.envpol.2021.117594,TRANSCRIPTOMIC,9ee79c5f4e61709801fd3e7d401bbf68;d660da32b0b478f640e2ff5c03acf591,cDNA,14749631,GSE176268
